{
	"system" : {
		"platform" : "windows64",
		"os_name" : "Windows 10",
		"os_version" : "10.0"
	},
	"error" : {
		"executable" : "quartus",
		"comment" : "not_applicable",
		"error_message" : "Access Violation at 0X000000005D09A018",
		"source_file" : "unknown",
		"line" : "0",
		"stack_trace" : "\t 0x5d09a017: QtCore4 + 0x23a017 (?staticMetaObjectExtraData@QEventTransition@@0UQMetaObjectExtraData@@B + 0x4917)\n\t0x7ff90b472473: GCL_AFCQ + 0xa2473 (?get_file_name@AFCQ_NATIVE_FILE_DLG_IMPL@@IEAAHXZ + 0xe63)\n\t0x7ff90b4715af: GCL_AFCQ + 0xa15af (?exec@AFCQ_NATIVE_FILE_DLG_IMPL@@QEAAHXZ + 0xdf)\n\t0x7ff8e72b80f8: sys_bmwq + 0x80f8 (?browse_clicked@PSETQ_FILES@@MEAAXXZ + 0xe28)\n\t 0x5cf7d1f0: QtCore4 + 0x11d1f0 (?activate@QMetaObject@@SAXPEAVQObject@@PEBU1@HPEAPEAX@Z + 0x520)\n\t0x7ff90b4692a2: GCL_AFCQ + 0x992a2 (?browse_clicked@AFCQ_LINE_EDIT_BROWSE_BUTTON@@UEAAX_N@Z + 0x42)\n\t 0x5cf7d1f0: QtCore4 + 0x11d1f0 (?activate@QMetaObject@@SAXPEAVQObject@@PEBU1@HPEAPEAX@Z + 0x520)\n\t 0x5d6dfdf2: QtGui4 + 0x58fdf2 (?clicked@QAbstractButton@@IEAAX_N@Z + 0x32)\n\t 0x5d496b8e: QtGui4 + 0x346b8e (?click@QAbstractButton@@QEAAXXZ + 0x51e)\n\t 0x5d496807: QtGui4 + 0x346807 (?click@QAbstractButton@@QEAAXXZ + 0x197)\n\t 0x5d497699: QtGui4 + 0x347699 (?mouseReleaseEvent@QAbstractButton@@MEAAXPEAVQMouseEvent@@@Z + 0x59)\n\t 0x5d5431ae: QtGui4 + 0x3f31ae (?mouseReleaseEvent@QToolButton@@MEAAXPEAVQMouseEvent@@@Z + 0xe)\n\t 0x5d1b1dc4: QtGui4 + 0x61dc4 (?event@QWidget@@MEAA_NPEAVQEvent@@@Z + 0xd4)\n\t 0x5d172f95: QtGui4 + 0x22f95 (?notify_helper@QApplicationPrivate@@QEAA_NPEAVQObject@@PEAVQEvent@@@Z + 0xf5)\n\t 0x5d171b8e: QtGui4 + 0x21b8e (?notify@QApplication@@UEAA_NPEAVQObject@@PEAVQEvent@@@Z + 0x71e)\n\t 0x5cf6e67b: QtCore4 + 0x10e67b (?notifyInternal@QCoreApplication@@AEAA_NPEAVQObject@@PEAVQEvent@@@Z + 0x7b)\n\t 0x5d175dee: QtGui4 + 0x25dee (?sendMouseEvent@QApplicationPrivate@@SA_NPEAVQWidget@@PEAVQMouseEvent@@00PEAPEAV2@AEAV?$QPointer@VQWidget@@@@_N@Z + 0x1de)\n\t 0x5d1d69b0: QtGui4 + 0x869b0 (?trUtf8@QScrollBar@@SA?AVQString@@PEBD0H@Z + 0x1440)\n\t 0x5d1da361: QtGui4 + 0x8a361 (?winMouseButtonUp@QApplication@@SAXXZ + 0x2761)\n\t0x7ff98cd41c4b: USER32 + 0x11c4b (CallWindowProcW + 0x43b)\n\t0x7ff98cd40ea5: USER32 + 0x10ea5 (DispatchMessageW + 0x2b5)\n\t 0x5cf93982: QtCore4 + 0x133982 (?processEvents@QEventDispatcherWin32@@UEAA_NV?$QFlags@W4ProcessEventsFlag@QEventLoop@@@@@Z + 0x3e2)\n\t 0x5d1d2074: QtGui4 + 0x82074 (?openPopup@QApplicationPrivate@@QEAAXPEAVQWidget@@@Z + 0x204)\n\t 0x5cf6b5db: QtCore4 + 0x10b5db (?exec@QEventLoop@@QEAAHV?$QFlags@W4ProcessEventsFlag@QEventLoop@@@@@Z + 0x22b)\n\t 0x5cf6dbbf: QtCore4 + 0x10dbbf (?exec@QCoreApplication@@SAHXZ + 0xdf)\n\t0x7ff6618f198b: quartus + 0x198b (?qgq_main@@YAHHPEAPEBD@Z + 0x8b)\n\t0x7ff966e53258: CCL_MSG + 0x13258 (?msg_main_thread@@YAPEAXPEAX@Z + 0x18)\n\t0x7ff966e54a5e: CCL_MSG + 0x14a5e (?msg_thread_wrapper@@YAPEAXP6APEAXPEAX@Z0@Z + 0x6e)\n\t0x7ff9744e6af0: ccl_mem + 0x16af0 (?mem_thread_wrapper@@YAPEAXP6APEAXPEAX@Z0@Z + 0x70)\n\t0x7ff966e52af1: CCL_MSG + 0x12af1 (?msg_exe_main@@YAHHPEAPEBDP6AHH0@Z@Z + 0xa1)\n\t0x7ff6618f2777: quartus + 0x2777 (WinMain + 0x127)\n\t0x7ff6618f1f40: quartus + 0x1f40 (__tmainCRTStartup + 0x148)\n\t0x7ff98bed54df: KERNEL32 + 0x154df (BaseThreadInitThunk + 0xf)\n\t0x7ff98d00485a: ntdll + 0x485a (RtlUserThreadStart + 0x2a)\n",
		"subsystem" : "unknown"
	},
	"quartus" : {
		"quartus_bits" : "64",
		"version" : "20.1.1",
		"build" : "720",
		"edition" : "Lite Edition"
	}
}