{
	"system" : {
		"platform" : "windows64",
		"os_name" : "Windows 10",
		"os_version" : "10.0"
	},
	"error" : {
		"executable" : "quartus",
		"comment" : "not_applicable",
		"error_message" : "Access Violation at 0X000000005F7C52F2",
		"source_file" : "unknown",
		"line" : "0",
		"stack_trace" : "\t 0x5f7c52f1: QtGui4 + 0x3a52f1 (?currentSubWindow@QMdiArea@@QEBAPEAVQMdiSubWindow@@XZ + 0x81)\n\t 0x5f7c441c: QtGui4 + 0x3a441c (??_FQMdiArea@@QEAAXXZ + 0x62c)\n\t 0x5f7c6174: QtGui4 + 0x3a6174 (?eventFilter@QMdiArea@@MEAA_NPEAVQObject@@PEAVQEvent@@@Z + 0xb4)\n\t 0x5f240492: QtCore4 + 0x110492 (?sendThroughApplicationEventFilters@QCoreApplicationPrivate@@QEAA_NPEAVQObject@@PEAVQEvent@@@Z + 0x92)\n\t 0x5f442ebd: QtGui4 + 0x22ebd (?notify_helper@QApplicationPrivate@@QEAA_NPEAVQObject@@PEAVQEvent@@@Z + 0x1d)\n\t 0x5f442c2f: QtGui4 + 0x22c2f (?notify@QApplication@@UEAA_NPEAVQObject@@PEAVQEvent@@@Z + 0x17bf)\n\t 0x5f23e67b: QtCore4 + 0x10e67b (?notifyInternal@QCoreApplication@@AEAA_NPEAVQObject@@PEAVQEvent@@@Z + 0x7b)\n\t 0x5f446488: QtGui4 + 0x26488 (?setActiveWindow@QApplication@@SAXPEAVQWidget@@@Z + 0x278)\n\t 0x5f4a7b41: QtGui4 + 0x87b41 (?winFocus@QApplication@@QEAAXPEAVQWidget@@_N@Z + 0x31)\n\t 0x5f4a890f: QtGui4 + 0x8890f (?winMouseButtonUp@QApplication@@SAXXZ + 0xd0f)\n\t0x7ff927f21c4b: USER32 + 0x11c4b (CallWindowProcW + 0x43b)\n\t0x7ff927f2179b: USER32 + 0x1179b (EnumChildWindows + 0x19b)\n\t0x7ff927f34c0c: USER32 + 0x24c0c (IsIconic + 0x1bc)\n\t0x7ff9281a7f83: ntdll + 0xa7f83 (KiUserCallbackDispatcher + 0x23)\n\t0x7ff9255e1dd3: win32u + 0x1dd3 (NtUserShowWindow + 0x13)\n\t 0x5f4bb336: QtGui4 + 0x9b336 (?show_sys@QWidgetPrivate@@QEAAXXZ + 0x186)\n\t 0x5f491f3e: QtGui4 + 0x71f3e (?show_helper@QWidgetPrivate@@QEAAXXZ + 0x22e)\n\t 0x5f490ae8: QtGui4 + 0x70ae8 (?setVisible@QWidget@@UEAAX_N@Z + 0x308)\n\t 0x5f8475ed: QtGui4 + 0x4275ed (?setVisible@QDialog@@UEAAX_N@Z + 0xcd)\n\t 0x5f8468d1: QtGui4 + 0x4268d1 (?exec@QDialog@@QEAAHXZ + 0xa1)\n\t0x7ff8988beaf7: GCL_AFCQ + 0x9eaf7 (?internal_error_display@AFCQ_MSG_DISPLAY@@UEAAXV?$basic_string@DU?$char_traits@D@std@@V?$allocator@D@2@@std@@@Z + 0x277)\n\t0x7ff90cb2d931: CCL_MSG + 0x1d931 (?internal_error@MSG_REPORT@@UEAAXAEBV?$basic_string@DU?$char_traits@D@std@@V?$allocator@D@2@@std@@@Z + 0xf1)\n\t0x7ff90cb482f7: CCL_MSG + 0x382f7 (?finalize@MSG_ERROR_INFO@@QEAAXXZ + 0x97)\n\t0x7ff90cb48d8f: CCL_MSG + 0x38d8f (?report_fatal@MSG_INTERNAL_ERROR@@SAXPEBDPEAX@Z + 0x6f)\n\t0x7ff90c43451e: CCL_ERR + 0x451e (?err_report_fatal_exception@@YAXPEBDPEAX@Z + 0x7e)\n\t0x7ff90c434399: CCL_ERR + 0x4399 (?err_handle_fatal_exception@@YAJPEAU_EXCEPTION_POINTERS@@@Z + 0xb9)\n\t0x7ff9259e63c0: KERNELBASE + 0x1463c0 (UnhandledExceptionFilter + 0x1f0)\n\t0x7ff9281dc071: ntdll + 0xdc071 (LdrResolveDelayLoadsFromDll + 0x1041)\n\t0x7ff9281a7eef: ntdll + 0xa7eef (KiUserApcDispatcher + 0x9f)\n\t0x7ff9281a8fce: ntdll + 0xa8fce (__chkstk + 0x12e)\n\t0x7ff928135e99: ntdll + 0x35e99 (RtlRestoreContext + 0x8a9)\n\t0x7ff9281a7fdd: ntdll + 0xa7fdd (KiUserExceptionDispatcher + 0x2d)\n\t 0x5f7cb9fc: QtGui4 + 0x3ab9fc (?subWindowList@QMdiArea@@QEBA?AV?$QList@PEAVQMdiSubWindow@@@@W4WindowOrder@1@@Z + 0x2bc)\n\t 0x5f7c8f85: QtGui4 + 0x3a8f85 (?qt_metacast@QMdiArea@@UEAAPEAXPEBD@Z + 0x3e5)\n\t 0x5f7ca110: QtGui4 + 0x3aa110 (?resizeEvent@QMdiArea@@MEAAXPEAVQResizeEvent@@@Z + 0x240)\n\t 0x5f4821fd: QtGui4 + 0x621fd (?event@QWidget@@MEAA_NPEAVQEvent@@@Z + 0x50d)\n\t 0x5f7a54e6: QtGui4 + 0x3854e6 (?event@QFrame@@MEAA_NPEAVQEvent@@@Z + 0x36)\n\t 0x5f240552: QtCore4 + 0x110552 (?sendThroughObjectEventFilters@QCoreApplicationPrivate@@QEAA_NPEAVQObject@@PEAVQEvent@@@Z + 0x82)\n\t 0x5f442f81: QtGui4 + 0x22f81 (?notify_helper@QApplicationPrivate@@QEAA_NPEAVQObject@@PEAVQEvent@@@Z + 0xe1)\n\t 0x5f442c2f: QtGui4 + 0x22c2f (?notify@QApplication@@UEAA_NPEAVQObject@@PEAVQEvent@@@Z + 0x17bf)\n\t 0x5f23e67b: QtCore4 + 0x10e67b (?notifyInternal@QCoreApplication@@AEAA_NPEAVQObject@@PEAVQEvent@@@Z + 0x7b)\n\t 0x5f4b9bed: QtGui4 + 0x99bed (?setGeometry_sys@QWidgetPrivate@@QEAAXHHHH_N@Z + 0xa7d)\n\t 0x5f48d8e0: QtGui4 + 0x6d8e0 (?setGeometry@QWidget@@QEAAXAEBVQRect@@@Z + 0xb0)\n\t 0x5f817000: QtGui4 + 0x3f7000 (?layoutChildren@QAbstractScrollAreaPrivate@@QEAAXXZ + 0x5e0)\n\t 0x5f7cc7a7: QtGui4 + 0x3ac7a7 (?trUtf8@QMdiArea@@SA?AVQString@@PEBD0H@Z + 0x947)\n\t 0x5f7cbedf: QtGui4 + 0x3abedf (?trUtf8@QMdiArea@@SA?AVQString@@PEBD0H@Z + 0x7f)\n\t 0x5f7cc9ea: QtGui4 + 0x3ac9ea (?viewportEvent@QMdiArea@@MEAA_NPEAVQEvent@@@Z + 0x17a)\n\t 0x5f240552: QtCore4 + 0x110552 (?sendThroughObjectEventFilters@QCoreApplicationPrivate@@QEAA_NPEAVQObject@@PEAVQEvent@@@Z + 0x82)\n\t 0x5f442f81: QtGui4 + 0x22f81 (?notify_helper@QApplicationPrivate@@QEAA_NPEAVQObject@@PEAVQEvent@@@Z + 0xe1)\n\t 0x5f442c2f: QtGui4 + 0x22c2f (?notify@QApplication@@UEAA_NPEAVQObject@@PEAVQEvent@@@Z + 0x17bf)\n\t 0x5f23e67b: QtCore4 + 0x10e67b (?notifyInternal@QCoreApplication@@AEAA_NPEAVQObject@@PEAVQEvent@@@Z + 0x7b)\n\t 0x5f7ce3f1: QtGui4 + 0x3ae3f1 (?closeEvent@QMdiSubWindow@@MEAAXPEAVQCloseEvent@@@Z + 0xa1)\n\t0x7ff8c5f9e342: SYS_QUI + 0x3e342 (?closeEvent@QUI_MDI_SUB_WND@@MEAAXPEAVQCloseEvent@@@Z + 0x182)\n\t 0x5f482211: QtGui4 + 0x62211 (?event@QWidget@@MEAA_NPEAVQEvent@@@Z + 0x521)\n\t 0x5f442f95: QtGui4 + 0x22f95 (?notify_helper@QApplicationPrivate@@QEAA_NPEAVQObject@@PEAVQEvent@@@Z + 0xf5)\n\t 0x5f442c2f: QtGui4 + 0x22c2f (?notify@QApplication@@UEAA_NPEAVQObject@@PEAVQEvent@@@Z + 0x17bf)\n\t 0x5f23e67b: QtCore4 + 0x10e67b (?notifyInternal@QCoreApplication@@AEAA_NPEAVQObject@@PEAVQEvent@@@Z + 0x7b)\n\t 0x5f47f920: QtGui4 + 0x5f920 (?close_helper@QWidgetPrivate@@QEAA_NW4CloseMode@1@@Z + 0xb0)\n\t0x7ff8c5f84997: SYS_QUI + 0x24997 (?close_all_in_list@QUI_FRAME_WND@@IEAA_NV?$QList@PEAVQMdiSubWindow@@@@PEAVQMdiSubWindow@@U_GUID@@@Z + 0x227)\n\t0x7ff8c5f84aef: SYS_QUI + 0x24aef (?close_all_windows@QUI_FRAME_WND@@QEAA_NU_GUID@@@Z + 0xff)\n\t0x7ff8c5f8466f: SYS_QUI + 0x2466f (?closeEvent@QUI_FRAME_WND@@MEAAXPEAVQCloseEvent@@@Z + 0x1ef)\n\t 0x5f482211: QtGui4 + 0x62211 (?event@QWidget@@MEAA_NPEAVQEvent@@@Z + 0x521)\n\t 0x5f7bcbc0: QtGui4 + 0x39cbc0 (?event@QMainWindow@@MEAA_NPEAVQEvent@@@Z + 0x280)\n\t 0x5f442f95: QtGui4 + 0x22f95 (?notify_helper@QApplicationPrivate@@QEAA_NPEAVQObject@@PEAVQEvent@@@Z + 0xf5)\n\t 0x5f442c2f: QtGui4 + 0x22c2f (?notify@QApplication@@UEAA_NPEAVQObject@@PEAVQEvent@@@Z + 0x17bf)\n\t 0x5f23e67b: QtCore4 + 0x10e67b (?notifyInternal@QCoreApplication@@AEAA_NPEAVQObject@@PEAVQEvent@@@Z + 0x7b)\n\t 0x5f47f918: QtGui4 + 0x5f918 (?close_helper@QWidgetPrivate@@QEAA_NW4CloseMode@1@@Z + 0xa8)\n\t 0x5f4a8c06: QtGui4 + 0x88c06 (?winMouseButtonUp@QApplication@@SAXXZ + 0x1006)\n\t0x7ff927f21c4b: USER32 + 0x11c4b (CallWindowProcW + 0x43b)\n\t0x7ff927f2179b: USER32 + 0x1179b (EnumChildWindows + 0x19b)\n\t0x7ff927f34c0c: USER32 + 0x24c0c (IsIconic + 0x1bc)\n\t0x7ff9281a7f83: ntdll + 0xa7f83 (KiUserCallbackDispatcher + 0x23)\n\t0x7ff9255e1433: win32u + 0x1433 (NtUserMessageCall + 0x13)\n\t0x7ff927f1e7a7: USER32 + 0xe7a7 (GetWindowTextW + 0x7f7)\n\t0x7ff927f1df6e: USER32 + 0xdf6e (GetDpiForSystem + 0x35e)\n\t0x7ff92294a20f: uxtheme + 0xa20f (Ordinal119 + 0x87f)\n\t0x7ff922947131: uxtheme + 0x7131 (Ordinal137 + 0x3c1)\n\t0x7ff92295032d: uxtheme + 0x1032d (ThemeInitApiHook + 0x131d)\n\t0x7ff92294fc90: uxtheme + 0xfc90 (ThemeInitApiHook + 0xc80)\n\t0x7ff927f1e574: USER32 + 0xe574 (GetWindowTextW + 0x5c4)\n\t 0x5f91f0f7: QtGui4 + 0x4ff0f7 (?widgetDestroyed@QInputContext@@UEAAXPEAVQWidget@@@Z + 0x307)\n\t 0x5f4a8bc5: QtGui4 + 0x88bc5 (?winMouseButtonUp@QApplication@@SAXXZ + 0xfc5)\n\t0x7ff927f21c4b: USER32 + 0x11c4b (CallWindowProcW + 0x43b)\n\t0x7ff927f20ea5: USER32 + 0x10ea5 (DispatchMessageW + 0x2b5)\n\t 0x5f263982: QtCore4 + 0x133982 (?processEvents@QEventDispatcherWin32@@UEAA_NV?$QFlags@W4ProcessEventsFlag@QEventLoop@@@@@Z + 0x3e2)\n\t 0x5f4a2074: QtGui4 + 0x82074 (?openPopup@QApplicationPrivate@@QEAAXPEAVQWidget@@@Z + 0x204)\n\t 0x5f23b5db: QtCore4 + 0x10b5db (?exec@QEventLoop@@QEAAHV?$QFlags@W4ProcessEventsFlag@QEventLoop@@@@@Z + 0x22b)\n\t 0x5f23dbbf: QtCore4 + 0x10dbbf (?exec@QCoreApplication@@SAHXZ + 0xdf)\n\t0x7ff75fc5198b: quartus + 0x198b (?qgq_main@@YAHHPEAPEBD@Z + 0x8b)\n\t0x7ff90cb23258: CCL_MSG + 0x13258 (?msg_main_thread@@YAPEAXPEAX@Z + 0x18)\n\t0x7ff90cb24a5e: CCL_MSG + 0x14a5e (?msg_thread_wrapper@@YAPEAXP6APEAXPEAX@Z0@Z + 0x6e)\n\t0x7ff90ca36af0: ccl_mem + 0x16af0 (?mem_thread_wrapper@@YAPEAXP6APEAXPEAX@Z0@Z + 0x70)\n\t0x7ff90cb22af1: CCL_MSG + 0x12af1 (?msg_exe_",
		"subsystem" : "unknown"
	},
	"quartus" : {
		"quartus_bits" : "64",
		"version" : "20.1.1",
		"build" : "720",
		"edition" : "Lite Edition"
	}
}